id;name;category;brand;price;currency;stock;availability;priceDate;sourceUrl;spec;kind;connection;variant
"logitech-prox2-white";"Logitech PRO X 2 Wireless · White";"audio";"Logitech";"165";"UE";"";"confirm";"2026-09-20";"https://t.me/goodmark_uz/3447";"Беспроводные наушники · White";"headset";"wireless";"White"
"logitech-prox2-pink";"Logitech PRO X 2 Wireless · Pink";"audio";"Logitech";"165";"UE";"";"confirm";"2026-09-20";"https://t.me/goodmark_uz/3447";"Беспроводные наушники · Pink";"headset";"wireless";"Pink"
"logitech-prox2-black";"Logitech PRO X 2 Wireless · Black";"audio";"Logitech";"165";"UE";"";"confirm";"2026-09-20";"https://t.me/goodmark_uz/3447";"Беспроводные наушники · Black";"headset";"wireless";"Black"
"logitech-g733-white";"Logitech G733 Wireless · White";"audio";"Logitech";"115";"UE";"";"confirm";"2026-09-20";"https://t.me/goodmark_uz/3447";"Беспроводные наушники · White";"headset";"wireless";"White"
"logitech-g733-purple";"Logitech G733 Wireless · Purple";"audio";"Logitech";"115";"UE";"";"confirm";"2026-09-20";"https://t.me/goodmark_uz/3447";"Беспроводные наушники · Purple";"headset";"wireless";"Purple"
"logitech-g733-black";"Logitech G733 Wireless · Black";"audio";"Logitech";"115";"UE";"";"confirm";"2026-09-20";"https://t.me/goodmark_uz/3447";"Беспроводные наушники · Black";"headset";"wireless";"Black"
"logitech-g435-white";"Logitech G435 · White";"audio";"Logitech";"55";"UE";"";"confirm";"2026-09-20";"https://t.me/goodmark_uz/3447";"Игровые наушники · White";"headset";"unknown";"White"
"logitech-g435-purple";"Logitech G435 · Purple";"audio";"Logitech";"55";"UE";"";"confirm";"2026-09-20";"https://t.me/goodmark_uz/3447";"Игровые наушники · Purple";"headset";"unknown";"Purple"
"logitech-g435-black";"Logitech G435 · Black";"audio";"Logitech";"55";"UE";"";"confirm";"2026-09-20";"https://t.me/goodmark_uz/3447";"Игровые наушники · Black";"headset";"unknown";"Black"
"logitech-superlight2-black";"Logitech G PRO Superlight 2 · Black";"mouse";"Logitech";"110";"UE";"";"confirm";"2026-09-20";"https://t.me/goodmark_uz/3447";"Игровая мышь · Black";"mouse";"unknown";"Black"
"logitech-superlight2-white";"Logitech G PRO Superlight 2 · White";"mouse";"Logitech";"110";"UE";"";"confirm";"2026-09-20";"https://t.me/goodmark_uz/3447";"Игровая мышь · White";"mouse";"unknown";"White"
"logitech-superlight2-red";"Logitech G PRO Superlight 2 · Red";"mouse";"Logitech";"110";"UE";"";"confirm";"2026-09-20";"https://t.me/goodmark_uz/3447";"Игровая мышь · Red";"mouse";"unknown";"Red"
"logitech-mxmaster3s-graphite";"Logitech MX Master 3S · Graphite";"mouse";"Logitech";"80";"UE";"";"confirm";"2026-09-20";"https://t.me/goodmark_uz/3447";"Мышь · Graphite";"mouse";"unknown";"Graphite"
"logitech-mxmaster4-black";"Logitech MX Master 4 · Black";"mouse";"Logitech";"120";"UE";"";"confirm";"2026-09-20";"https://t.me/goodmark_uz/3448";"Мышь · Black";"mouse";"unknown";"Black"
"logitech-g713-white";"Logitech G713 · White";"keyboard";"Logitech";"90";"UE";"";"confirm";"2026-09-20";"https://t.me/goodmark_uz/3447";"Клавиатура · White";"keyboard";"unknown";"White"
"logitech-c922-pro";"Logitech C922 Pro";"audio";"Logitech";"65";"UE";"";"confirm";"2026-09-20";"https://t.me/goodmark_uz/3447";"Веб-камера · C922 Pro";"webcam";"unknown";""
"logitech-c1000f-brio";"Logitech C1000F Brio 4K";"audio";"Logitech";"135";"UE";"";"confirm";"2026-09-20";"https://t.me/goodmark_uz/3447";"Веб-камера · Brio 4K";"webcam";"unknown";""
"fifine-tam8";"Fifine TAM8 · микрофон + пантограф";"audio";"Fifine";"83";"UE";"";"confirm";"2026-09-22";"https://t.me/goodmark_uz/3449";"Микрофон + пантограф · комплект";"microphone";"unknown";""
"fifine-bm88";"Fifine BM88 · пантограф";"audio";"Fifine";"52";"UE";"";"confirm";"2026-09-22";"https://t.me/goodmark_uz/3450";"Пантограф · BM88";"arm";"unknown";""
"fifine-bm38";"Fifine BM38 · пантограф";"audio";"Fifine";"43";"UE";"";"confirm";"2026-09-22";"https://t.me/goodmark_uz/3451";"Пантограф · BM38";"arm";"unknown";""
"fifine-cs1";"Fifine CS1 · пантограф";"audio";"Fifine";"25";"UE";"";"confirm";"2026-09-22";"https://t.me/goodmark_uz/3452";"Пантограф · CS1";"arm";"unknown";""
"atk-horizon-dsp-white";"ATK Horizon DSP Gaming In-ear Type-C · White";"audio";"ATK";"50";"UE";"";"confirm";"2026-09-25";"https://t.me/goodmark_uz/3464";"Внутриканальные · Type-C · White";"headset";"wired";"White"
"atk-horizon-35-grey";"ATK Horizon Gaming In-ear 3.5 mm · Grey";"audio";"ATK";"35";"UE";"";"confirm";"2026-09-25";"https://t.me/goodmark_uz/3453";"Внутриканальные · 3.5 mm Jack · Grey";"headset";"wired";"Grey"
"io-graphite2-icecream";"IO Graphite 2 Ice Cream · io353";"audio";"IO";"48";"UE";"";"confirm";"2026-09-25";"https://t.me/goodmark_uz/3464";"Наушники · io353 · Ice Cream";"headset";"unknown";"Ice Cream"
"io-graphite-v2-io323";"IO Graphite v2 Black Edition · Black";"audio";"IO";"45";"UE";"";"confirm";"2026-09-25";"https://t.me/goodmark_uz/3464";"Наушники · io323 · Black Edition";"headset";"unknown";"Black"
"io-graphite-v2-io322";"IO Graphite v2 Dark · Black";"audio";"IO";"45";"UE";"";"confirm";"2026-09-25";"https://t.me/goodmark_uz/3464";"Наушники · io322 · Dark";"headset";"unknown";"Black"
"io-graphite-v2-io321";"IO Graphite v2 Light · Grey";"audio";"IO";"45";"UE";"";"confirm";"2026-09-25";"https://t.me/goodmark_uz/3464";"Наушники · io321 · Light";"headset";"unknown";"Grey"
"io-graphite-v2-io324";"IO Graphite v2 Rose Gold · White";"audio";"IO";"45";"UE";"";"confirm";"2026-09-25";"https://t.me/goodmark_uz/3464";"Наушники · io324 · Rose Gold";"headset";"unknown";"White"
"mchose-v9-turbo-plus-white";"MCHOSE V9 Turbo Plus · White";"audio";"MCHOSE";"98";"UE";"";"confirm";"2026-09-25";"https://t.me/goodmark_uz/3464";"Игровые наушники · White";"headset";"unknown";"White"
"mchose-x9";"MCHOSE X9";"audio";"MCHOSE";"59";"UE";"";"confirm";"2026-09-25";"https://t.me/goodmark_uz/3464";"Игровые наушники · X9";"headset";"unknown";""
"red-square-rs322-white";"Red Square RS322 EONIX (RSQ-31022) · White";"audio";"Red Square";"45";"UE";"";"confirm";"2026-09-25";"https://t.me/goodmark_uz/3464";"Игровые наушники · RSQ-31022 · White";"headset";"unknown";"White"
"vgn-vxe-siren-v1";"VGN VXE Siren V1";"audio";"VGN";"30";"UE";"";"confirm";"2026-09-25";"https://t.me/goodmark_uz/3464";"Игровые наушники · Siren V1";"headset";"unknown";""
"gravastar-k1lite-aurora";"Gravastar K1 Lite Aurora Mist";"keyboard";"Gravastar";"73";"UE";"";"confirm";"2026-09-18";"https://t.me/goodmark_uz/3410";"Клавиатура · Aurora Mist";"keyboard";"unknown";"Aurora Mist"
"gravastar-k1-stealth";"Gravastar K1 Stealth Black";"keyboard";"Gravastar";"85";"UE";"";"confirm";"2026-09-18";"https://t.me/goodmark_uz/3410";"Клавиатура · Stealth Black";"keyboard";"unknown";"Stealth Black"
"gravastar-k1-gradient-white";"Gravastar Mercury K1 Gradient White";"keyboard";"Gravastar";"85";"UE";"";"confirm";"2026-09-18";"https://t.me/goodmark_uz/3410";"Клавиатура · Gradient White";"keyboard";"unknown";"Gradient White"
"gravastar-k1-gradient-black";"Gravastar Mercury K1 Gradient Black";"keyboard";"Gravastar";"85";"UE";"";"confirm";"2026-09-18";"https://t.me/goodmark_uz/3410";"Клавиатура · Gradient Black";"keyboard";"unknown";"Gradient Black"
"gravastar-k1lite-transparent";"Gravastar Mercury K1 Lite Transparent Black";"keyboard";"Gravastar";"60";"UE";"";"confirm";"2026-09-18";"https://t.me/goodmark_uz/3410";"Клавиатура · Transparent Black";"keyboard";"unknown";"Transparent Black"
"gravastar-k1pro-cyberflare";"Gravastar Mercury K1 Pro 75% SE Cyberflare";"keyboard";"Gravastar";"115";"UE";"";"confirm";"2026-09-18";"https://t.me/goodmark_uz/3410";"Клавиатура · Cyberflare";"keyboard";"unknown";"Cyberflare"
"gravastar-k1pro-cyberpunk";"Gravastar Mercury K1 Pro 75% SE Cyberpunk";"keyboard";"Gravastar";"125";"UE";"";"confirm";"2026-09-18";"https://t.me/goodmark_uz/3410";"Клавиатура · Cyberpunk";"keyboard";"unknown";"Cyberpunk"
"gravastar-k1pro-interstellar";"Gravastar Mercury K1 Pro 75% SE Interstellar Silver";"keyboard";"Gravastar";"115";"UE";"";"confirm";"2026-09-18";"https://t.me/goodmark_uz/3410";"Клавиатура · Interstellar Silver";"keyboard";"unknown";"Interstellar Silver"
"gravastar-k1pro-yellow";"Gravastar K1 Pro SE Yellow Battle Worn";"keyboard";"Gravastar";"125";"UE";"";"confirm";"2026-09-18";"https://t.me/goodmark_uz/3410";"Клавиатура · Yellow Battle Worn";"keyboard";"unknown";"Yellow Battle Worn"
"gravastar-k98pro-phantom";"Gravastar Mercury K98 Pro Phantom Black";"keyboard";"Gravastar";"190";"UE";"";"confirm";"2026-09-18";"https://t.me/goodmark_uz/3410";"Клавиатура · Phantom Black";"keyboard";"unknown";"Phantom Black"
"gravastar-v60-crystal";"Gravastar Mercury V60 Crystal Rose";"keyboard";"Gravastar";"90";"UE";"";"confirm";"2026-09-18";"https://t.me/goodmark_uz/3410";"Клавиатура · Crystal Rose";"keyboard";"unknown";"Crystal Rose"
"gravastar-v60pro-gunmetal";"Gravastar Mercury V60 Pro Deluxe Edition Gun Metal";"keyboard";"Gravastar";"140";"UE";"";"confirm";"2026-09-18";"https://t.me/goodmark_uz/3410";"Клавиатура · Gun Metal";"keyboard";"unknown";"Gun Metal"
"gravastar-v75-stealth";"Gravastar Mercury V75 Stealth Black UFO Switch";"keyboard";"Gravastar";"120";"UE";"";"confirm";"2026-09-18";"https://t.me/goodmark_uz/3410";"Клавиатура · Stealth Black";"keyboard";"unknown";"Stealth Black"
"gravastar-v75lite-onyx";"Gravastar Mercury V75 Lite Onyx Crystal";"keyboard";"Gravastar";"70";"UE";"";"confirm";"2026-09-18";"https://t.me/goodmark_uz/3410";"Клавиатура · Onyx Crystal";"keyboard";"unknown";"Onyx Crystal"
"gravastar-v75pro-cyberpunk";"Gravastar Mercury V75 Pro Cyberpunk";"keyboard";"Gravastar";"160";"UE";"";"confirm";"2026-09-18";"https://t.me/goodmark_uz/3410";"Клавиатура · Cyberpunk";"keyboard";"unknown";"Cyberpunk"
"gravastar-v75pro-neon";"Gravastar Mercury V75 Pro SE Neon Graffiti";"keyboard";"Gravastar";"160";"UE";"";"confirm";"2026-09-18";"https://t.me/goodmark_uz/3410";"Клавиатура · Neon Graffiti";"keyboard";"unknown";"Neon Graffiti"
"gravastar-v75-silver";"Gravastar Mercury V75 Silver Frost";"keyboard";"Gravastar";"130";"UE";"";"confirm";"2026-09-18";"https://t.me/goodmark_uz/3411";"75% · USB-C · UFO HE Switch · Silver Frost";"keyboard";"wired";"Silver Frost"